YearsExperience,Salary
5.58,180164
4.53,66964
0.02,26523
29.1,262931
9.75,114223
2.02,43407
11.91,128499
4.21,65132
7.76,99100
14.38,157004
0.25,21631
4.4,65145
10.13,109057
13.75,142401
13.44,140172
7.83,94426
0.65,21831
7.01,84924
2.26,45678
14.23,146464
6.51,79986
2.47,35624
4.06,167426
14.93,157620
10.41,119469
12.07,135690
10.5,126686
5.12,67817
0.68,32276
12.77,145882
14.19,154733
1.24,29389
7.35,86184
7.69,212335
11.44,131231
2.95,47214
14.39,153311
13.76,145219
3.89,58170
1.72,29561
9.49,114671
5.43,24364
3.49,55307
4.82,68881
9.64,107555
7.57,98335
2.48,43401
11.42,131442
9.45,111331
14.75,158223
5.08,62255
8.71,103597
12.37,139127
12.75,138604
13.4,149924
34.89,320720
5.2,71180
5.56,72996
7.33,94024
0.76,23860
14.69,155006
10.58,121778
12.59,138936
7.59,89545
14.45,153934
3.53,57381
2.81,55714
12.98,143925
3.22,51180
14.85,159033
4.08,57188
4.74,72504
13.91,154065
1.68,45254
13.87,147442
1.53,42598
10.07,111867
10.05,118775
0.37,24708
9.59,108223
5.48,73730
8.39,102919
5.9,86558
4.56,63394
4.45,66331
11.33,128021
14.9,161530
11.81,126198
7.2,95018
31.21,373379
11.7,129795
13.26,149215
2.3,46631
13.91,143339
4.78,73480
1.87,39406
13.78,148887
2.42,54132
11.47,134213
8.94,103918
8.43,107035
2.57,40699
14.12,151458
12.25,139150
1.64,46076
9.33,107694
0.67,17279
7.95,93600
4.76,74256
2.07,33563
11.58,123714
9.95,106297
13.81,140408
13.21,138934
10.84,134744
10.47,216008
11.58,134035
7.98,87790
0.16,23325
12.65,139370
3.65,50901
12.02,130487
13.54,139341
2.19,41850
11.77,127690
7.4,97587
5.98,70969
10.65,61071
11.97,135636
11.08,128919
9.31,102931
14.42,158131
2.48,41426
6.57,82774
4.66,68594
11.71,132448
8.76,96135
11.08,120762
2.92,60248
12.8,143596
12.48,144567
6.19,67439
6.49,82744
2.72,48644
1.48,41633
14.74,164730
0.06,26594
9.09,104367
4.42,69870
7.21,99940
3.52,58103
10.9,121793
6.01,77163
12.01,136143
12.7,136925
14.19,156441
2.1,40870
8.86,110707
10.03,115415
2.95,52717
4.17,58450
0.47,26641
0.44,43568
6.02,70298
13.56,141450
4.45,70431
11.69,129652
8.11,99958
5.5,63610
7.17,97614
1.8,15000
6.18,92223
6.84,100576
11.92,136792
7.11,87032
1.32,27451
3.55,63402
8.92,108892
13.35,159200
7.45,84623
11.81,127680
2.05,48340
6.57,78955
14.38,149029
13.34,146473
7.23,84624
7.84,95444
6.28,85895
2.69,124737
12.62,281433
13.12,127829
3.8,57608
12.8,146079
4.65,79181
12.06,126954
1.6,41189
10.42,113971
1.83,33446
14.77,163866
8.36,95903
10.25,121046
3.14,59849
7.94,95975
7.35,89054
11.38,125339
10.55,114175
5.56,71645
4.57,67437
8.24,94866
12.54,137854
8.3,97231
7.36,97763
3.8,53505
3.47,46962
5.22,75794
3.04,46537
5.13,67006
6.39,73441
1.66,34621
6.58,76107
6.94,85603
0.91,15000
9.12,100958
2.1,44127
4.17,67666
12.88,141084
2.12,46856
9.24,110063
14.39,151701
7.88,97538
11.74,134677
13.86,146508
3.26,52847
7.57,94332
5.56,74716
14.51,156268
6.29,89005
1.88,33369
1.84,34484
12.91,141464
10.46,117731
0.21,17341
5.01,72924
10.62,114509
5.78,78852
13.54,153446
13.92,149340
9.93,110547
0.34,27046
0.74,33159
12.21,137080
11.26,124931
9.01,114649
11.3,121300
6.88,88789
8.03,98132
12.41,141059
1.08,35203
9.25,110976
14.63,275382
0.76,23191
10.5,115129
1.31,33611
4.27,63870
11.99,134042
1.5,38921
10.88,122178
8.29,95993
12.34,143938
14.04,155959
10.53,120224
6.48,81291
7.03,91629
9.78,101762
9.01,103032
6.76,91325
8.99,98380
10.81,122420
6.1,75084
9.05,102590
5.08,63866
2.48,42081
1.64,36173
12.5,137324
8.72,105282
1.53,35558
8.99,107410
9.24,119348
8.33,109621
7.96,101792
10.65,106297
0.29,22284
13.3,137529
8.67,98387
1.76,44519
2.23,44622
3.1,55935
0.86,42038
11.79,126120
10.08,112003
8.34,110043
12.77,228382
8.82,101455
0.08,21154
11.59,125473
5.09,67728
1.98,32412
13.64,147265
11.59,134624
0.87,42888
0.11,26687
10.31,112084
7.97,99496
11.76,129679
0.82,28097
2.6,47286
9.51,120389
8.47,107220
6.83,88492
3.0,54057
11.76,128138
6.58,84648
8.04,100337
8.33,102250
2.44,50327
4.72,56149
32.1,351086
6.28,80958
10.12,112441
27.79,272674
13.11,142586
6.25,83099
0.54,34204
12.03,134882
11.61,125773
5.69,220572
11.88,134167
1.2,27395
14.69,152692
5.82,71451
9.16,106763
14.96,163745
3.84,59574
7.41,95663
0.18,31242
9.84,15000
2.71,39752
7.22,94361
2.28,47618
1.51,38715
13.4,150711
10.21,111890
13.22,151002
6.55,88888
0.78,40713
13.88,154760
11.68,133475
9.09,114187
12.07,122947
7.1,87563
0.77,28614
7.48,88324
0.34,31070
0.64,35695
8.32,98590
2.31,47593
12.74,137731
12.47,131265
1.78,43325
12.88,139659
14.29,153950
8.42,101477
7.3,86726
14.04,159960
11.42,130838
7.34,94288
9.52,112125
3.51,51808
11.47,137293
8.77,107972
0.27,24037
4.0,55280
4.76,68233
14.0,148527
4.51,67455
8.14,103342
11.05,117654
8.72,109653
9.34,103052
0.07,33027
9.92,115687
12.49,141193
11.13,134204
1.45,39147
2.87,47725
6.88,90034
13.19,145716
11.02,126740
13.96,156239
0.03,21640
11.68,137478
14.11,153165
12.54,127365
10.58,123790
1.86,33618
13.64,142223
2.4,35862
1.27,24003
0.11,24310
12.56,137093
4.71,69025
1.45,39090
22.44,136957
13.81,143717
8.04,100826
14.92,161107
0.27,23915
34.05,317762
0.22,150124
9.17,114398
12.41,139890
2.78,47310
4.76,66173
5.5,69695
12.57,144040
10.07,117676
2.5,41333
7.07,88575
11.61,136243
0.8,39966
6.24,77211
13.97,142772
6.99,85104
14.7,164310
13.13,143466
9.66,114141
7.78,100197
5.0,79339
9.03,104317
11.01,126808
14.33,161668
7.24,97729
3.8,53370
3.56,59971
6.72,89991
1.57,41150
5.59,75040
6.53,81022
10.76,122611
10.51,112263
9.46,57871
5.66,72978
10.29,115734
0.56,25580
5.61,68625
0.73,37238
5.66,74426
6.12,71246
2.22,47146
1.36,44578
0.87,37740
8.69,104413
14.73,154370
6.52,87997
9.56,108469
11.68,124558
2.65,48108
11.65,121103
5.47,71151
6.88,87812
23.58,225092
6.69,87455
4.44,67230
7.52,93390
1.43,41607
5.14,66102
12.69,131377
11.4,124829
11.73,132278
8.98,103834
9.81,102233
4.52,72974
13.9,143029
12.38,237628
9.61,108688
4.69,60995
10.5,121430
4.32,56023
12.12,133289
9.39,114454
5.92,70788
9.51,105858
4.96,79264
13.63,149934
3.58,59516
13.38,148827
4.06,72701
2.15,43485
11.15,124093
14.03,154583
1.01,39915
14.89,159043
6.81,77667
13.15,150483
1.17,29664
8.05,92351
9.52,117027
7.19,88450
11.66,135588
4.84,71568
1.58,187000
2.49,49891
9.22,111013
3.41,56825
12.73,137360
0.73,32045
9.94,113782
11.23,128428
7.03,88565
14.56,153630
11.46,120315
12.11,133918
10.97,119323
2.06,49715
11.58,132112
2.26,43765
10.16,33724
2.16,38680
13.87,179962
5.72,75669
8.8,109564
0.46,29153
14.78,155770
8.57,109700
1.41,27831
0.6,28801
8.31,102046
4.22,66480
4.69,79070
14.7,163632
11.2,126370
2.62,51668
7.01,87585
3.38,62791
10.79,122679
6.2,76930
0.83,41031
0.27,28821
6.72,89554
4.95,70433
11.38,127710
2.01,39780
4.88,80856
8.53,91240
8.55,105677
13.52,138591
13.48,148622
1.73,173310
5.81,69034
1.43,36817
2.69,47928
4.21,64113
10.89,125191
3.11,144050
2.16,41675
2.9,48966
5.89,65899
12.86,148019
14.38,140559
14.3,160150
0.32,33586
0.62,30660
12.2,131948
3.0,50618
8.59,98476
12.78,138679
14.07,155808
6.06,64767
6.63,79077
6.17,203675
13.75,148591
9.47,103253
14.88,152156
3.25,65546
7.61,94969
12.55,137860
2.46,46048
11.66,134655
3.4,57334
0.67,21055
13.02,141215
13.11,141346
14.98,161246
10.25,110251
5.69,79541
1.63,39673
5.6,71811
13.55,139014
8.09,101582
0.02,22262
0.96,35487
2.17,41230
4.93,73450
11.19,127767
4.48,66319
14.28,151536
14.05,158835
12.85,142806
11.25,122732
13.0,141954
13.36,143336
2.02,46416
6.91,82501
12.22,133573
14.4,151896
5.15,74026
2.81,46516
11.14,129152
2.29,46865
12.07,131139
4.42,68444
9.89,113101
2.99,54358
7.73,94089
8.32,103547
12.63,136716
10.24,112032
0.45,25671
3.97,61449
2.59,48927
3.67,50717
6.13,87768
3.74,63504
9.79,116346
4.79,61531
13.87,148566
7.0,94581
14.1,157037
7.57,90208
3.73,56948
9.87,108438
1.59,33156
7.14,89235
7.23,85758
2.36,48417
7.63,91428
2.45,40332
2.68,53753
4.25,55248
11.94,132662
2.3,43877
3.18,57486
1.57,39410
7.55,93538
3.12,52875
9.16,106714
5.11,62076
8.32,107867
3.45,45592
3.79,49937
2.1,38990
4.76,63227
3.18,54435
3.42,52501
3.04,49386
0.37,32107
11.28,118679
14.54,154854
0.54,31564
13.66,154180
3.91,57505
2.66,47136
3.81,60895
14.96,158654
9.41,102696
9.97,116454
13.44,147742
1.66,32356
3.68,60869
10.16,116060
8.85,265233
6.12,70311
0.71,31583
1.92,37087
2.59,53945
1.95,45709
10.64,120933
13.43,147531
3.72,58236
7.71,102105
5.0,69402
12.67,134353
6.97,80839
1.67,41084
14.32,155878
4.66,69726
8.3,104813
12.03,133026
0.43,15000
12.39,134743
11.99,136038
11.09,125800
10.27,116573
7.04,94919
5.91,81565
8.59,101711
7.81,95801
4.97,68560
7.69,95459
5.57,72869
6.25,78975
5.95,66865
8.85,113841
4.52,64327
9.79,111126
5.6,72636
6.24,78154
13.69,137660
10.99,117564
8.58,15000
7.36,85270
13.12,138140
6.6,84559
12.77,137842
1.49,43377
4.53,72403
1.27,35016
4.74,68571
30.7,162892
11.18,129074
9.05,102852
3.61,55925
6.07,74277
0.14,25178
7.43,85922
8.5,100014
1.97,45075
8.81,112228
10.7,119728
11.72,135273
14.77,154833
3.62,56673
10.47,119963
14.77,161541
5.96,77092
12.01,132029
14.29,151371
3.64,51043
10.4,127098
8.29,94323
14.67,149969
10.79,122162
10.67,118414
10.77,123661
1.78,37051
30.66,202414
2.3,47373
4.1,67426
2.33,45910
6.47,85540
4.59,73481
13.45,149854
14.49,150150
3.07,53692
1.71,33136
8.62,102649
4.72,63460
12.27,131115
7.8,100035
8.94,98853
5.42,70526
13.73,151807
28.0,280751
10.16,119094
9.99,115754
2.79,50865
7.14,94237
7.38,96278
1.0,36605
7.62,82224
1.27,38340
0.55,24653
3.55,49164
14.04,148744
5.65,78620
4.3,68708
2.42,41301
1.9,42610
1.79,46699
3.8,62034
12.0,132915
12.98,144377
0.75,32841
8.76,100963
9.79,110009
0.61,18806
7.05,94532
8.91,102910
12.87,140634
5.93,78290
4.38,63486
7.76,94609
8.81,111081
5.2,68624
1.35,37705
3.49,57894
9.8,109733
11.53,137624
1.8,41042
2.84,48506
14.84,158317
4.36,64460
12.79,140358
5.09,76048
13.18,139181
10.24,117999
6.75,88280
5.77,71268
9.45,107806
9.56,113851
12.44,132575
12.94,140653
12.78,144222
4.27,54614
8.59,106882
13.61,141119
2.44,43528
1.98,37807
8.82,103145
0.45,15000
4.43,62975
2.82,43214
2.24,163369
1.86,41654
1.41,37183
1.66,44508
0.73,29691
11.03,116487
14.55,157654
5.91,87722
5.89,68010
0.62,23636
6.8,83660
1.77,40630
1.89,42374
0.98,27601
11.53,127460
4.26,55301
13.82,140505
4.32,58699
4.89,73105
12.83,137606
7.72,96854
11.66,269269
8.86,107844
0.66,30365
6.14,74642
2.11,39313
8.49,112877
8.85,105233
5.75,88297
7.86,92564
2.97,15000
8.93,107869
1.83,39408
4.61,15000
5.41,73890
11.74,134173
8.48,106535
7.11,82776
7.72,91085
1.55,45091
6.98,76875
12.85,133769
6.29,71997
1.98,46449
9.52,111701
14.9,166378
6.65,77207
4.22,61787
6.56,82141
9.79,114865
10.95,125142
1.42,41242
2.07,43203
1.97,45857
6.21,75740
11.8,134333
9.13,96991
10.89,121716
25.12,255062
14.33,151281
1.55,31043
13.54,293919
4.84,69946
13.01,136134
3.69,55560
2.18,47866
2.75,51730
9.59,110086
13.46,133954
11.74,129567
0.32,27988
14.58,154138
13.74,147442
3.49,55264
7.74,92343
21.96,220388
2.33,42491
6.42,89960
8.92,106774
8.54,97745
10.75,226742
10.05,120385
12.76,137941
6.58,88870
1.81,44384
11.12,135123
3.66,47222
9.96,117395
3.44,55419
7.04,84744
12.8,142738
7.41,90895
12.74,130314
1.38,36335
11.61,130884
10.44,119595
14.04,146370
3.03,53731
9.74,114182
11.93,128965
9.29,102022
11.95,212465
12.34,304178
4.91,59141
7.16,90274
14.27,162976
8.87,111189
12.45,143930
0.19,26681
11.9,129211
0.07,26001
9.33,115006
0.54,32418
14.83,153916
7.8,100862
8.3,96911
7.96,101088
11.44,122168
13.31,149217
12.65,141971
6.31,79823
3.94,60439
6.82,90816
4.49,66537
4.57,59182
3.03,51374
1.08,27442
2.1,42050
4.17,64343
1.26,35504
11.0,127245
6.47,78166
6.81,92901
5.32,211128
5.51,80582
9.55,115037
1.62,39053
4.77,65274
13.32,135271
3.61,45277
14.8,270753
2.16,37925
13.46,152230
9.72,121400
8.91,99247
9.3,101878
4.0,61089
13.3,146561
2.56,50503
1.27,30350
0.35,35515
14.43,57048
5.46,73097
6.93,80467
11.76,126294
11.02,120903
10.73,125853
9.74,104469
9.75,115996
4.32,63146
11.37,128997
3.62,57595
6.13,84180
6.74,77700
0.83,35331
11.13,132926
3.03,51220
3.99,60506
